persona	row	kind	route	total_low	total_exp	total_high	human_min_exp	machine_min_exp	learn_min_exp	diagnose_min_exp	unguided_share	n_prereqs_lacked	n_prereqs_partial	n_steps	source
engineer	route B, MLproject (batch 10)	main	route-b	27.2	45.9	98.5	44.9	1.0	0.0	7.0	0.156	0	0	18	analysis/08_humanCost/results/summary.tsv
engineer	route B without the D2 GeoJSON trap	sensitivity	route-b	27.2	45.9	98.5	44.9	1.0	0.0	7.0	0.156	0	0	18	analysis/10_routeA_chaps/03_versusRouteB/results/routeB/noD2/summary.tsv
engineer	route B, convention from the docs, not source	sensitivity	route-b	26.8	45.2	97.3	44.2	1.0	0.0	7.0	0.158	0	0	18	analysis/10_routeA_chaps/03_versusRouteB/results/routeB/docs/summary.tsv
engineer	route A without chaps (batch 12)	main	route-a-it3	72.0	109.6	215.5	98.4	11.2	11.8	0.0	0.119	0	2	25	analysis/09_routeA_iteration3/02_humanCost/results/summary.tsv
engineer	route A through chaps (batch 14)	main	route-a-chaps	86.9	130.1	248.6	117.3	12.7	11.8	0.0	0.1	0	2	22	analysis/10_routeA_chaps/02_humanCost/results/summary.tsv
engineer	route A through chaps, Docker priced lighter	sensitivity	route-a-chaps	86.9	130.1	248.6	117.3	12.7	11.8	0.0	0.1	0	2	22	analysis/10_routeA_chaps/02_humanCost/results/sensitivity/docker_lighter/summary.tsv
engineer	route A through chaps, docs/run.md in place of the agent page	sensitivity	route-a-chaps	73.7	111.2	216.6	98.5	12.7	11.8	0.0	0.119	0	2	22	analysis/10_routeA_chaps/02_humanCost/results/sensitivity/run_doc_not_ai_page/summary.tsv
engineer	route A through chaps on this batch's link, to the point it fails	slow link	route-a-chaps-slowlink	152.7	190.0	296.6	97.2	92.8	8.8	7.0	0.162	0	1	15	analysis/10_routeA_chaps/02_humanCost/results/summary.tsv
statistician	route B, MLproject (batch 10)	main	route-b	100.6	221.2	593.5	220.2	1.0	31.5	110.0	0.643	1	4	18	analysis/08_humanCost/results/summary.tsv
statistician	route B without the D2 GeoJSON trap	sensitivity	route-b	121.2	245.6	649.4	244.6	1.0	76.5	60.0	0.558	2	4	18	analysis/10_routeA_chaps/03_versusRouteB/results/routeB/noD2/summary.tsv
statistician	route B, convention from the docs, not source	sensitivity	route-b	91.2	186.4	472.3	185.4	1.0	31.5	60.0	0.494	1	4	18	analysis/10_routeA_chaps/03_versusRouteB/results/routeB/docs/summary.tsv
statistician	route A without chaps (batch 12)	main	route-a-it3	243.2	435.5	1026.2	424.2	11.2	188.5	0.0	0.444	5	3	23	analysis/09_routeA_iteration3/02_humanCost/results/summary.tsv
statistician	route A through chaps (batch 14)	main	route-a-chaps	273.0	483.0	1120.3	470.3	12.7	198.5	0.0	0.422	6	2	21	analysis/10_routeA_chaps/02_humanCost/results/summary.tsv
statistician	route A through chaps, Docker priced lighter	sensitivity	route-a-chaps	243.0	423.0	940.3	410.3	12.7	138.5	0.0	0.338	6	2	21	analysis/10_routeA_chaps/02_humanCost/results/sensitivity/docker_lighter/summary.tsv
statistician	route A through chaps, docs/run.md in place of the agent page	sensitivity	route-a-chaps	246.8	445.7	1049.3	433.0	12.7	198.5	0.0	0.458	6	2	21	analysis/10_routeA_chaps/02_humanCost/results/sensitivity/run_doc_not_ai_page/summary.tsv
statistician	route A through chaps on this batch's link, to the point it fails	slow link	route-a-chaps-slowlink	342.3	565.6	1259.7	472.8	92.8	183.5	60.0	0.515	5	2	15	analysis/10_routeA_chaps/02_humanCost/results/summary.tsv
